"","group","sub_group","measure","value","file","org_type","Month","Year","Body","Department","duples"
"1","payroll","aao","hc",8,"data/gov_files/1024597/July_2021_workforce_management_information.csv","Non-Ministerial Department","July",2021,"Food Standards Agency","Food Standards Agency",2
"2","payroll","aao","fte",8,"data/gov_files/1024597/July_2021_workforce_management_information.csv","Non-Ministerial Department","July",2021,"Food Standards Agency","Food Standards Agency",2
"3","payroll","eo","hc",454,"data/gov_files/1024597/July_2021_workforce_management_information.csv","Non-Ministerial Department","July",2021,"Food Standards Agency","Food Standards Agency",2
"4","payroll","eo","fte",414.58,"data/gov_files/1024597/July_2021_workforce_management_information.csv","Non-Ministerial Department","July",2021,"Food Standards Agency","Food Standards Agency",2
"5","payroll","sheo","hc",648,"data/gov_files/1024597/July_2021_workforce_management_information.csv","Non-Ministerial Department","July",2021,"Food Standards Agency","Food Standards Agency",2
"6","payroll","sheo","fte",638.21,"data/gov_files/1024597/July_2021_workforce_management_information.csv","Non-Ministerial Department","July",2021,"Food Standards Agency","Food Standards Agency",2
"7","payroll","g67","hc",225,"data/gov_files/1024597/July_2021_workforce_management_information.csv","Non-Ministerial Department","July",2021,"Food Standards Agency","Food Standards Agency",2
"8","payroll","g67","fte",220.79,"data/gov_files/1024597/July_2021_workforce_management_information.csv","Non-Ministerial Department","July",2021,"Food Standards Agency","Food Standards Agency",2
"9","payroll","scs","hc",22,"data/gov_files/1024597/July_2021_workforce_management_information.csv","Non-Ministerial Department","July",2021,"Food Standards Agency","Food Standards Agency",2
"10","payroll","scs","fte",21.62,"data/gov_files/1024597/July_2021_workforce_management_information.csv","Non-Ministerial Department","July",2021,"Food Standards Agency","Food Standards Agency",2
"11","payroll","other","hc",0,"data/gov_files/1024597/July_2021_workforce_management_information.csv","Non-Ministerial Department","July",2021,"Food Standards Agency","Food Standards Agency",2
"12","payroll","other","fte",0,"data/gov_files/1024597/July_2021_workforce_management_information.csv","Non-Ministerial Department","July",2021,"Food Standards Agency","Food Standards Agency",2
"13","payroll","total","hc",1357,"data/gov_files/1024597/July_2021_workforce_management_information.csv","Non-Ministerial Department","July",2021,"Food Standards Agency","Food Standards Agency",2
"14","payroll","total","fte",1303,"data/gov_files/1024597/July_2021_workforce_management_information.csv","Non-Ministerial Department","July",2021,"Food Standards Agency","Food Standards Agency",2
"15","non payroll","agency","hc",13,"data/gov_files/1024597/July_2021_workforce_management_information.csv","Non-Ministerial Department","July",2021,"Food Standards Agency","Food Standards Agency",2
"16","non payroll","agency","fte",13,"data/gov_files/1024597/July_2021_workforce_management_information.csv","Non-Ministerial Department","July",2021,"Food Standards Agency","Food Standards Agency",2
"17","non payroll","managers","hc",0,"data/gov_files/1024597/July_2021_workforce_management_information.csv","Non-Ministerial Department","July",2021,"Food Standards Agency","Food Standards Agency",2
"18","non payroll","managers","fte",0,"data/gov_files/1024597/July_2021_workforce_management_information.csv","Non-Ministerial Department","July",2021,"Food Standards Agency","Food Standards Agency",2
"19","non payroll","contractors","hc",472,"data/gov_files/1024597/July_2021_workforce_management_information.csv","Non-Ministerial Department","July",2021,"Food Standards Agency","Food Standards Agency",2
"20","non payroll","contractors","fte",472,"data/gov_files/1024597/July_2021_workforce_management_information.csv","Non-Ministerial Department","July",2021,"Food Standards Agency","Food Standards Agency",2
"21","non payroll","consultants","hc",4,"data/gov_files/1024597/July_2021_workforce_management_information.csv","Non-Ministerial Department","July",2021,"Food Standards Agency","Food Standards Agency",2
"22","non payroll","consultants","fte",4,"data/gov_files/1024597/July_2021_workforce_management_information.csv","Non-Ministerial Department","July",2021,"Food Standards Agency","Food Standards Agency",2
"23","non payroll","total","hc",489,"data/gov_files/1024597/July_2021_workforce_management_information.csv","Non-Ministerial Department","July",2021,"Food Standards Agency","Food Standards Agency",2
"24","non payroll","total","fte",489,"data/gov_files/1024597/July_2021_workforce_management_information.csv","Non-Ministerial Department","July",2021,"Food Standards Agency","Food Standards Agency",2
"25","all employees","total","hc",1846,"data/gov_files/1024597/July_2021_workforce_management_information.csv","Non-Ministerial Department","July",2021,"Food Standards Agency","Food Standards Agency",2
"26","all employees","total","fte",1792,"data/gov_files/1024597/July_2021_workforce_management_information.csv","Non-Ministerial Department","July",2021,"Food Standards Agency","Food Standards Agency",2
"27","payroll costs","salary","costs",4051788.49,"data/gov_files/1024597/July_2021_workforce_management_information.csv","Non-Ministerial Department","July",2021,"Food Standards Agency","Food Standards Agency",2
"28","payroll costs","allowances","costs",69114.78,"data/gov_files/1024597/July_2021_workforce_management_information.csv","Non-Ministerial Department","July",2021,"Food Standards Agency","Food Standards Agency",2
"29","payroll costs","ncprp","costs",30766.63,"data/gov_files/1024597/July_2021_workforce_management_information.csv","Non-Ministerial Department","July",2021,"Food Standards Agency","Food Standards Agency",2
"30","payroll costs","overtime","costs",130137.33,"data/gov_files/1024597/July_2021_workforce_management_information.csv","Non-Ministerial Department","July",2021,"Food Standards Agency","Food Standards Agency",2
"31","payroll costs","pension","costs",1068939.4,"data/gov_files/1024597/July_2021_workforce_management_information.csv","Non-Ministerial Department","July",2021,"Food Standards Agency","Food Standards Agency",2
"32","payroll costs","ni","costs",471863.74,"data/gov_files/1024597/July_2021_workforce_management_information.csv","Non-Ministerial Department","July",2021,"Food Standards Agency","Food Standards Agency",2
"33","payroll costs","total","costs",5822610.37,"data/gov_files/1024597/July_2021_workforce_management_information.csv","Non-Ministerial Department","July",2021,"Food Standards Agency","Food Standards Agency",2
"34","non payroll costs","contingent","costs",2424054,"data/gov_files/1024597/July_2021_workforce_management_information.csv","Non-Ministerial Department","July",2021,"Food Standards Agency","Food Standards Agency",2
"35","non payroll costs","consultants","costs",5250,"data/gov_files/1024597/July_2021_workforce_management_information.csv","Non-Ministerial Department","July",2021,"Food Standards Agency","Food Standards Agency",2
"36","non payroll costs","total","costs",2429304,"data/gov_files/1024597/July_2021_workforce_management_information.csv","Non-Ministerial Department","July",2021,"Food Standards Agency","Food Standards Agency",2
"37","all costs","total","costs",8251914.37,"data/gov_files/1024597/July_2021_workforce_management_information.csv","Non-Ministerial Department","July",2021,"Food Standards Agency","Food Standards Agency",2
"38","payroll","aao","hc",8,"data/gov_files/1024599/August_2021_workforce_management_information.csv","Non-Ministerial Department","July",2021,"Food Standards Agency","Food Standards Agency",2
"39","payroll","aao","fte",8,"data/gov_files/1024599/August_2021_workforce_management_information.csv","Non-Ministerial Department","July",2021,"Food Standards Agency","Food Standards Agency",2
"40","payroll","eo","hc",450,"data/gov_files/1024599/August_2021_workforce_management_information.csv","Non-Ministerial Department","July",2021,"Food Standards Agency","Food Standards Agency",2
"41","payroll","eo","fte",412.52,"data/gov_files/1024599/August_2021_workforce_management_information.csv","Non-Ministerial Department","July",2021,"Food Standards Agency","Food Standards Agency",2
"42","payroll","sheo","hc",658,"data/gov_files/1024599/August_2021_workforce_management_information.csv","Non-Ministerial Department","July",2021,"Food Standards Agency","Food Standards Agency",2
"43","payroll","sheo","fte",648.01,"data/gov_files/1024599/August_2021_workforce_management_information.csv","Non-Ministerial Department","July",2021,"Food Standards Agency","Food Standards Agency",2
"44","payroll","g67","hc",226,"data/gov_files/1024599/August_2021_workforce_management_information.csv","Non-Ministerial Department","July",2021,"Food Standards Agency","Food Standards Agency",2
"45","payroll","g67","fte",221.79,"data/gov_files/1024599/August_2021_workforce_management_information.csv","Non-Ministerial Department","July",2021,"Food Standards Agency","Food Standards Agency",2
"46","payroll","scs","hc",24,"data/gov_files/1024599/August_2021_workforce_management_information.csv","Non-Ministerial Department","July",2021,"Food Standards Agency","Food Standards Agency",2
"47","payroll","scs","fte",23.25,"data/gov_files/1024599/August_2021_workforce_management_information.csv","Non-Ministerial Department","July",2021,"Food Standards Agency","Food Standards Agency",2
"48","payroll","other","hc",0,"data/gov_files/1024599/August_2021_workforce_management_information.csv","Non-Ministerial Department","July",2021,"Food Standards Agency","Food Standards Agency",2
"49","payroll","other","fte",0,"data/gov_files/1024599/August_2021_workforce_management_information.csv","Non-Ministerial Department","July",2021,"Food Standards Agency","Food Standards Agency",2
"50","payroll","total","hc",1366,"data/gov_files/1024599/August_2021_workforce_management_information.csv","Non-Ministerial Department","July",2021,"Food Standards Agency","Food Standards Agency",2
"51","payroll","total","fte",1314,"data/gov_files/1024599/August_2021_workforce_management_information.csv","Non-Ministerial Department","July",2021,"Food Standards Agency","Food Standards Agency",2
"52","non payroll","agency","hc",10,"data/gov_files/1024599/August_2021_workforce_management_information.csv","Non-Ministerial Department","July",2021,"Food Standards Agency","Food Standards Agency",2
"53","non payroll","agency","fte",10,"data/gov_files/1024599/August_2021_workforce_management_information.csv","Non-Ministerial Department","July",2021,"Food Standards Agency","Food Standards Agency",2
"54","non payroll","managers","hc",0,"data/gov_files/1024599/August_2021_workforce_management_information.csv","Non-Ministerial Department","July",2021,"Food Standards Agency","Food Standards Agency",2
"55","non payroll","managers","fte",0,"data/gov_files/1024599/August_2021_workforce_management_information.csv","Non-Ministerial Department","July",2021,"Food Standards Agency","Food Standards Agency",2
"56","non payroll","contractors","hc",461,"data/gov_files/1024599/August_2021_workforce_management_information.csv","Non-Ministerial Department","July",2021,"Food Standards Agency","Food Standards Agency",2
"57","non payroll","contractors","fte",461,"data/gov_files/1024599/August_2021_workforce_management_information.csv","Non-Ministerial Department","July",2021,"Food Standards Agency","Food Standards Agency",2
"58","non payroll","consultants","hc",4,"data/gov_files/1024599/August_2021_workforce_management_information.csv","Non-Ministerial Department","July",2021,"Food Standards Agency","Food Standards Agency",2
"59","non payroll","consultants","fte",4,"data/gov_files/1024599/August_2021_workforce_management_information.csv","Non-Ministerial Department","July",2021,"Food Standards Agency","Food Standards Agency",2
"60","non payroll","total","hc",475,"data/gov_files/1024599/August_2021_workforce_management_information.csv","Non-Ministerial Department","July",2021,"Food Standards Agency","Food Standards Agency",2
"61","non payroll","total","fte",475,"data/gov_files/1024599/August_2021_workforce_management_information.csv","Non-Ministerial Department","July",2021,"Food Standards Agency","Food Standards Agency",2
"62","all employees","total","hc",1841,"data/gov_files/1024599/August_2021_workforce_management_information.csv","Non-Ministerial Department","July",2021,"Food Standards Agency","Food Standards Agency",2
"63","all employees","total","fte",1789,"data/gov_files/1024599/August_2021_workforce_management_information.csv","Non-Ministerial Department","July",2021,"Food Standards Agency","Food Standards Agency",2
"64","payroll costs","salary","costs",4091766,"data/gov_files/1024599/August_2021_workforce_management_information.csv","Non-Ministerial Department","July",2021,"Food Standards Agency","Food Standards Agency",2
"65","payroll costs","allowances","costs",66160,"data/gov_files/1024599/August_2021_workforce_management_information.csv","Non-Ministerial Department","July",2021,"Food Standards Agency","Food Standards Agency",2
"66","payroll costs","ncprp","costs",44055,"data/gov_files/1024599/August_2021_workforce_management_information.csv","Non-Ministerial Department","July",2021,"Food Standards Agency","Food Standards Agency",2
"67","payroll costs","overtime","costs",159984,"data/gov_files/1024599/August_2021_workforce_management_information.csv","Non-Ministerial Department","July",2021,"Food Standards Agency","Food Standards Agency",2
"68","payroll costs","pension","costs",1078878,"data/gov_files/1024599/August_2021_workforce_management_information.csv","Non-Ministerial Department","July",2021,"Food Standards Agency","Food Standards Agency",2
"69","payroll costs","ni","costs",482107,"data/gov_files/1024599/August_2021_workforce_management_information.csv","Non-Ministerial Department","July",2021,"Food Standards Agency","Food Standards Agency",2
"70","payroll costs","total","costs",5922950,"data/gov_files/1024599/August_2021_workforce_management_information.csv","Non-Ministerial Department","July",2021,"Food Standards Agency","Food Standards Agency",2
"71","non payroll costs","contingent","costs",2774936,"data/gov_files/1024599/August_2021_workforce_management_information.csv","Non-Ministerial Department","July",2021,"Food Standards Agency","Food Standards Agency",2
"72","non payroll costs","consultants","costs",7875,"data/gov_files/1024599/August_2021_workforce_management_information.csv","Non-Ministerial Department","July",2021,"Food Standards Agency","Food Standards Agency",2
"73","non payroll costs","total","costs",2782811,"data/gov_files/1024599/August_2021_workforce_management_information.csv","Non-Ministerial Department","July",2021,"Food Standards Agency","Food Standards Agency",2
"74","all costs","total","costs",8705761,"data/gov_files/1024599/August_2021_workforce_management_information.csv","Non-Ministerial Department","July",2021,"Food Standards Agency","Food Standards Agency",2
"75","payroll","aao","hc",14,"data/gov_files/1033792/_August_2021_MWMI_template.xlsx","Ministerial Department","August",2021,"Department for Culture, Media & Sport","Department for Digital, Culture, Media and Sport",2
"76","payroll","aao","hc",104,"data/gov_files/1033792/_August_2021_MWMI_template.xlsx","Non-Ministerial Department","August",2021,"National Archives","Department for Digital, Culture, Media and Sport",2
"77","payroll","aao","fte",13.4,"data/gov_files/1033792/_August_2021_MWMI_template.xlsx","Ministerial Department","August",2021,"Department for Culture, Media & Sport","Department for Digital, Culture, Media and Sport",2
"78","payroll","aao","fte",92.49,"data/gov_files/1033792/_August_2021_MWMI_template.xlsx","Non-Ministerial Department","August",2021,"National Archives","Department for Digital, Culture, Media and Sport",2
"79","payroll","eo","hc",182,"data/gov_files/1033792/_August_2021_MWMI_template.xlsx","Ministerial Department","August",2021,"Department for Culture, Media & Sport","Department for Digital, Culture, Media and Sport",2
"80","payroll","eo","hc",76,"data/gov_files/1033792/_August_2021_MWMI_template.xlsx","Non-Ministerial Department","August",2021,"National Archives","Department for Digital, Culture, Media and Sport",2
"81","payroll","eo","fte",176.6,"data/gov_files/1033792/_August_2021_MWMI_template.xlsx","Ministerial Department","August",2021,"Department for Culture, Media & Sport","Department for Digital, Culture, Media and Sport",2
"82","payroll","eo","fte",72.29,"data/gov_files/1033792/_August_2021_MWMI_template.xlsx","Non-Ministerial Department","August",2021,"National Archives","Department for Digital, Culture, Media and Sport",2
"83","payroll","sheo","hc",721,"data/gov_files/1033792/_August_2021_MWMI_template.xlsx","Ministerial Department","August",2021,"Department for Culture, Media & Sport","Department for Digital, Culture, Media and Sport",2
"84","payroll","sheo","hc",287,"data/gov_files/1033792/_August_2021_MWMI_template.xlsx","Non-Ministerial Department","August",2021,"National Archives","Department for Digital, Culture, Media and Sport",2
"85","payroll","sheo","fte",713.9,"data/gov_files/1033792/_August_2021_MWMI_template.xlsx","Ministerial Department","August",2021,"Department for Culture, Media & Sport","Department for Digital, Culture, Media and Sport",2
"86","payroll","sheo","fte",278.9,"data/gov_files/1033792/_August_2021_MWMI_template.xlsx","Non-Ministerial Department","August",2021,"National Archives","Department for Digital, Culture, Media and Sport",2
"87","payroll","g67","hc",855,"data/gov_files/1033792/_August_2021_MWMI_template.xlsx","Ministerial Department","August",2021,"Department for Culture, Media & Sport","Department for Digital, Culture, Media and Sport",2
"88","payroll","g67","hc",93,"data/gov_files/1033792/_August_2021_MWMI_template.xlsx","Non-Ministerial Department","August",2021,"National Archives","Department for Digital, Culture, Media and Sport",2
"89","payroll","g67","fte",840.3,"data/gov_files/1033792/_August_2021_MWMI_template.xlsx","Ministerial Department","August",2021,"Department for Culture, Media & Sport","Department for Digital, Culture, Media and Sport",2
"90","payroll","g67","fte",91.36,"data/gov_files/1033792/_August_2021_MWMI_template.xlsx","Non-Ministerial Department","August",2021,"National Archives","Department for Digital, Culture, Media and Sport",2
"91","payroll","scs","hc",120,"data/gov_files/1033792/_August_2021_MWMI_template.xlsx","Ministerial Department","August",2021,"Department for Culture, Media & Sport","Department for Digital, Culture, Media and Sport",2
"92","payroll","scs","hc",8,"data/gov_files/1033792/_August_2021_MWMI_template.xlsx","Non-Ministerial Department","August",2021,"National Archives","Department for Digital, Culture, Media and Sport",2
"93","payroll","scs","fte",115.4,"data/gov_files/1033792/_August_2021_MWMI_template.xlsx","Ministerial Department","August",2021,"Department for Culture, Media & Sport","Department for Digital, Culture, Media and Sport",2
"94","payroll","scs","fte",8,"data/gov_files/1033792/_August_2021_MWMI_template.xlsx","Non-Ministerial Department","August",2021,"National Archives","Department for Digital, Culture, Media and Sport",2
"95","payroll","other","hc",0,"data/gov_files/1033792/_August_2021_MWMI_template.xlsx","Ministerial Department","August",2021,"Department for Culture, Media & Sport","Department for Digital, Culture, Media and Sport",2
"96","payroll","other","hc",0,"data/gov_files/1033792/_August_2021_MWMI_template.xlsx","Non-Ministerial Department","August",2021,"National Archives","Department for Digital, Culture, Media and Sport",2
"97","payroll","other","fte",0,"data/gov_files/1033792/_August_2021_MWMI_template.xlsx","Ministerial Department","August",2021,"Department for Culture, Media & Sport","Department for Digital, Culture, Media and Sport",2
"98","payroll","other","fte",0,"data/gov_files/1033792/_August_2021_MWMI_template.xlsx","Non-Ministerial Department","August",2021,"National Archives","Department for Digital, Culture, Media and Sport",2
"99","payroll","total","hc",1892,"data/gov_files/1033792/_August_2021_MWMI_template.xlsx","Ministerial Department","August",2021,"Department for Culture, Media & Sport","Department for Digital, Culture, Media and Sport",2
"100","payroll","total","hc",560,"data/gov_files/1033792/_August_2021_MWMI_template.xlsx","Non-Ministerial Department","August",2021,"National Archives","Department for Digital, Culture, Media and Sport",2
"101","payroll","total","fte",1859.7,"data/gov_files/1033792/_August_2021_MWMI_template.xlsx","Ministerial Department","August",2021,"Department for Culture, Media & Sport","Department for Digital, Culture, Media and Sport",2
"102","payroll","total","fte",535,"data/gov_files/1033792/_August_2021_MWMI_template.xlsx","Non-Ministerial Department","August",2021,"National Archives","Department for Digital, Culture, Media and Sport",2
"103","non payroll","agency","hc",13,"data/gov_files/1033792/_August_2021_MWMI_template.xlsx","Ministerial Department","August",2021,"Department for Culture, Media & Sport","Department for Digital, Culture, Media and Sport",2
"104","non payroll","agency","fte",13,"data/gov_files/1033792/_August_2021_MWMI_template.xlsx","Ministerial Department","August",2021,"Department for Culture, Media & Sport","Department for Digital, Culture, Media and Sport",2
"105","non payroll","managers","hc",20,"data/gov_files/1033792/_August_2021_MWMI_template.xlsx","Ministerial Department","August",2021,"Department for Culture, Media & Sport","Department for Digital, Culture, Media and Sport",2
"106","non payroll","managers","fte",19.08108108,"data/gov_files/1033792/_August_2021_MWMI_template.xlsx","Ministerial Department","August",2021,"Department for Culture, Media & Sport","Department for Digital, Culture, Media and Sport",2
"107","non payroll","contractors","hc",31,"data/gov_files/1033792/_August_2021_MWMI_template.xlsx","Ministerial Department","August",2021,"Department for Culture, Media & Sport","Department for Digital, Culture, Media and Sport",2
"108","non payroll","contractors","fte",27.89189189,"data/gov_files/1033792/_August_2021_MWMI_template.xlsx","Ministerial Department","August",2021,"Department for Culture, Media & Sport","Department for Digital, Culture, Media and Sport",2
"109","non payroll","consultants","hc",13,"data/gov_files/1033792/_August_2021_MWMI_template.xlsx","Ministerial Department","August",2021,"Department for Culture, Media & Sport","Department for Digital, Culture, Media and Sport",2
"110","non payroll","consultants","fte",13,"data/gov_files/1033792/_August_2021_MWMI_template.xlsx","Ministerial Department","August",2021,"Department for Culture, Media & Sport","Department for Digital, Culture, Media and Sport",2
"111","non payroll","total","hc",77,"data/gov_files/1033792/_August_2021_MWMI_template.xlsx","Ministerial Department","August",2021,"Department for Culture, Media & Sport","Department for Digital, Culture, Media and Sport",2
"112","non payroll","total","hc",0,"data/gov_files/1033792/_August_2021_MWMI_template.xlsx","Non-Ministerial Department","August",2021,"National Archives","Department for Digital, Culture, Media and Sport",2
"113","non payroll","total","fte",72.97297297,"data/gov_files/1033792/_August_2021_MWMI_template.xlsx","Ministerial Department","August",2021,"Department for Culture, Media & Sport","Department for Digital, Culture, Media and Sport",2
"114","non payroll","total","fte",0,"data/gov_files/1033792/_August_2021_MWMI_template.xlsx","Non-Ministerial Department","August",2021,"National Archives","Department for Digital, Culture, Media and Sport",2
"115","all employees","total","hc",1969,"data/gov_files/1033792/_August_2021_MWMI_template.xlsx","Ministerial Department","August",2021,"Department for Culture, Media & Sport","Department for Digital, Culture, Media and Sport",2
"116","all employees","total","hc",560,"data/gov_files/1033792/_August_2021_MWMI_template.xlsx","Non-Ministerial Department","August",2021,"National Archives","Department for Digital, Culture, Media and Sport",2
"117","all employees","total","fte",1933,"data/gov_files/1033792/_August_2021_MWMI_template.xlsx","Ministerial Department","August",2021,"Department for Culture, Media & Sport","Department for Digital, Culture, Media and Sport",2
"118","all employees","total","fte",535,"data/gov_files/1033792/_August_2021_MWMI_template.xlsx","Non-Ministerial Department","August",2021,"National Archives","Department for Digital, Culture, Media and Sport",2
"119","payroll costs","salary","costs",6950682.54,"data/gov_files/1033792/_August_2021_MWMI_template.xlsx","Ministerial Department","August",2021,"Department for Culture, Media & Sport","Department for Digital, Culture, Media and Sport",2
"120","payroll costs","salary","costs",1609498.3,"data/gov_files/1033792/_August_2021_MWMI_template.xlsx","Non-Ministerial Department","August",2021,"National Archives","Department for Digital, Culture, Media and Sport",2
"121","payroll costs","allowances","costs",234207.04,"data/gov_files/1033792/_August_2021_MWMI_template.xlsx","Ministerial Department","August",2021,"Department for Culture, Media & Sport","Department for Digital, Culture, Media and Sport",2
"122","payroll costs","allowances","costs",16133.84,"data/gov_files/1033792/_August_2021_MWMI_template.xlsx","Non-Ministerial Department","August",2021,"National Archives","Department for Digital, Culture, Media and Sport",2
"123","payroll costs","ncprp","costs",292008,"data/gov_files/1033792/_August_2021_MWMI_template.xlsx","Ministerial Department","August",2021,"Department for Culture, Media & Sport","Department for Digital, Culture, Media and Sport",2
"124","payroll costs","overtime","costs",29576.58,"data/gov_files/1033792/_August_2021_MWMI_template.xlsx","Ministerial Department","August",2021,"Department for Culture, Media & Sport","Department for Digital, Culture, Media and Sport",2
"125","payroll costs","overtime","costs",5308.69,"data/gov_files/1033792/_August_2021_MWMI_template.xlsx","Non-Ministerial Department","August",2021,"National Archives","Department for Digital, Culture, Media and Sport",2
"126","payroll costs","pension","costs",1961270.89,"data/gov_files/1033792/_August_2021_MWMI_template.xlsx","Ministerial Department","August",2021,"Department for Culture, Media & Sport","Department for Digital, Culture, Media and Sport",2
"127","payroll costs","pension","costs",436117.66,"data/gov_files/1033792/_August_2021_MWMI_template.xlsx","Non-Ministerial Department","August",2021,"National Archives","Department for Digital, Culture, Media and Sport",2
"128","payroll costs","ni","costs",836480.47,"data/gov_files/1033792/_August_2021_MWMI_template.xlsx","Ministerial Department","August",2021,"Department for Culture, Media & Sport","Department for Digital, Culture, Media and Sport",2
"129","payroll costs","ni","costs",189440.37,"data/gov_files/1033792/_August_2021_MWMI_template.xlsx","Non-Ministerial Department","August",2021,"National Archives","Department for Digital, Culture, Media and Sport",2
"130","payroll costs","total","costs",1.0304225527,"data/gov_files/1033792/_August_2021_MWMI_template.xlsx","Ministerial Department","August",2021,"Department for Culture, Media & Sport","Department for Digital, Culture, Media and Sport",2
"131","payroll costs","total","costs",2200645.01,"data/gov_files/1033792/_August_2021_MWMI_template.xlsx","Non-Ministerial Department","August",2021,"National Archives","Department for Digital, Culture, Media and Sport",2
"132","non payroll costs","contingent","costs",310075,"data/gov_files/1033792/_August_2021_MWMI_template.xlsx","Ministerial Department","August",2021,"Department for Culture, Media & Sport","Department for Digital, Culture, Media and Sport",2
"133","non payroll costs","consultants","costs",2300866,"data/gov_files/1033792/_August_2021_MWMI_template.xlsx","Ministerial Department","August",2021,"Department for Culture, Media & Sport","Department for Digital, Culture, Media and Sport",2
"134","non payroll costs","total","costs",2610941,"data/gov_files/1033792/_August_2021_MWMI_template.xlsx","Ministerial Department","August",2021,"Department for Culture, Media & Sport","Department for Digital, Culture, Media and Sport",2
"135","non payroll costs","total","costs",0,"data/gov_files/1033792/_August_2021_MWMI_template.xlsx","Non-Ministerial Department","August",2021,"National Archives","Department for Digital, Culture, Media and Sport",2
"136","all costs","total","costs",1.2915166527,"data/gov_files/1033792/_August_2021_MWMI_template.xlsx","Ministerial Department","August",2021,"Department for Culture, Media & Sport","Department for Digital, Culture, Media and Sport",2
"137","all costs","total","costs",2200645.01,"data/gov_files/1033792/_August_2021_MWMI_template.xlsx","Non-Ministerial Department","August",2021,"National Archives","Department for Digital, Culture, Media and Sport",2
"138","payroll","aao","hc",14,"data/gov_files/1033795/_August_2021_MWMI_template__accessible_.xlsx","Ministerial Department","August",2021,"Department for Culture, Media & Sport","Department for Digital, Culture, Media and Sport",2
"139","payroll","aao","hc",104,"data/gov_files/1033795/_August_2021_MWMI_template__accessible_.xlsx","Non-Ministerial Department","August",2021,"National Archives","Department for Digital, Culture, Media and Sport",2
"140","payroll","aao","fte",13.4,"data/gov_files/1033795/_August_2021_MWMI_template__accessible_.xlsx","Ministerial Department","August",2021,"Department for Culture, Media & Sport","Department for Digital, Culture, Media and Sport",2
"141","payroll","aao","fte",92.49,"data/gov_files/1033795/_August_2021_MWMI_template__accessible_.xlsx","Non-Ministerial Department","August",2021,"National Archives","Department for Digital, Culture, Media and Sport",2
"142","payroll","eo","hc",182,"data/gov_files/1033795/_August_2021_MWMI_template__accessible_.xlsx","Ministerial Department","August",2021,"Department for Culture, Media & Sport","Department for Digital, Culture, Media and Sport",2
"143","payroll","eo","hc",76,"data/gov_files/1033795/_August_2021_MWMI_template__accessible_.xlsx","Non-Ministerial Department","August",2021,"National Archives","Department for Digital, Culture, Media and Sport",2
"144","payroll","eo","fte",176.6,"data/gov_files/1033795/_August_2021_MWMI_template__accessible_.xlsx","Ministerial Department","August",2021,"Department for Culture, Media & Sport","Department for Digital, Culture, Media and Sport",2
"145","payroll","eo","fte",72.29,"data/gov_files/1033795/_August_2021_MWMI_template__accessible_.xlsx","Non-Ministerial Department","August",2021,"National Archives","Department for Digital, Culture, Media and Sport",2
"146","payroll","sheo","hc",721,"data/gov_files/1033795/_August_2021_MWMI_template__accessible_.xlsx","Ministerial Department","August",2021,"Department for Culture, Media & Sport","Department for Digital, Culture, Media and Sport",2
"147","payroll","sheo","hc",287,"data/gov_files/1033795/_August_2021_MWMI_template__accessible_.xlsx","Non-Ministerial Department","August",2021,"National Archives","Department for Digital, Culture, Media and Sport",2
"148","payroll","sheo","fte",713.9,"data/gov_files/1033795/_August_2021_MWMI_template__accessible_.xlsx","Ministerial Department","August",2021,"Department for Culture, Media & Sport","Department for Digital, Culture, Media and Sport",2
"149","payroll","sheo","fte",278.9,"data/gov_files/1033795/_August_2021_MWMI_template__accessible_.xlsx","Non-Ministerial Department","August",2021,"National Archives","Department for Digital, Culture, Media and Sport",2
"150","payroll","g67","hc",855,"data/gov_files/1033795/_August_2021_MWMI_template__accessible_.xlsx","Ministerial Department","August",2021,"Department for Culture, Media & Sport","Department for Digital, Culture, Media and Sport",2
"151","payroll","g67","hc",93,"data/gov_files/1033795/_August_2021_MWMI_template__accessible_.xlsx","Non-Ministerial Department","August",2021,"National Archives","Department for Digital, Culture, Media and Sport",2
"152","payroll","g67","fte",840.3,"data/gov_files/1033795/_August_2021_MWMI_template__accessible_.xlsx","Ministerial Department","August",2021,"Department for Culture, Media & Sport","Department for Digital, Culture, Media and Sport",2
"153","payroll","g67","fte",91.36,"data/gov_files/1033795/_August_2021_MWMI_template__accessible_.xlsx","Non-Ministerial Department","August",2021,"National Archives","Department for Digital, Culture, Media and Sport",2
"154","payroll","scs","hc",120,"data/gov_files/1033795/_August_2021_MWMI_template__accessible_.xlsx","Ministerial Department","August",2021,"Department for Culture, Media & Sport","Department for Digital, Culture, Media and Sport",2
"155","payroll","scs","hc",8,"data/gov_files/1033795/_August_2021_MWMI_template__accessible_.xlsx","Non-Ministerial Department","August",2021,"National Archives","Department for Digital, Culture, Media and Sport",2
"156","payroll","scs","fte",115.4,"data/gov_files/1033795/_August_2021_MWMI_template__accessible_.xlsx","Ministerial Department","August",2021,"Department for Culture, Media & Sport","Department for Digital, Culture, Media and Sport",2
"157","payroll","scs","fte",8,"data/gov_files/1033795/_August_2021_MWMI_template__accessible_.xlsx","Non-Ministerial Department","August",2021,"National Archives","Department for Digital, Culture, Media and Sport",2
"158","payroll","other","hc",0,"data/gov_files/1033795/_August_2021_MWMI_template__accessible_.xlsx","Ministerial Department","August",2021,"Department for Culture, Media & Sport","Department for Digital, Culture, Media and Sport",2
"159","payroll","other","hc",0,"data/gov_files/1033795/_August_2021_MWMI_template__accessible_.xlsx","Non-Ministerial Department","August",2021,"National Archives","Department for Digital, Culture, Media and Sport",2
"160","payroll","other","fte",0,"data/gov_files/1033795/_August_2021_MWMI_template__accessible_.xlsx","Ministerial Department","August",2021,"Department for Culture, Media & Sport","Department for Digital, Culture, Media and Sport",2
"161","payroll","other","fte",0,"data/gov_files/1033795/_August_2021_MWMI_template__accessible_.xlsx","Non-Ministerial Department","August",2021,"National Archives","Department for Digital, Culture, Media and Sport",2
"162","payroll","total","hc",1892,"data/gov_files/1033795/_August_2021_MWMI_template__accessible_.xlsx","Ministerial Department","August",2021,"Department for Culture, Media & Sport","Department for Digital, Culture, Media and Sport",2
"163","payroll","total","hc",560,"data/gov_files/1033795/_August_2021_MWMI_template__accessible_.xlsx","Non-Ministerial Department","August",2021,"National Archives","Department for Digital, Culture, Media and Sport",2
"164","payroll","total","fte",1859.7,"data/gov_files/1033795/_August_2021_MWMI_template__accessible_.xlsx","Ministerial Department","August",2021,"Department for Culture, Media & Sport","Department for Digital, Culture, Media and Sport",2
"165","payroll","total","fte",535,"data/gov_files/1033795/_August_2021_MWMI_template__accessible_.xlsx","Non-Ministerial Department","August",2021,"National Archives","Department for Digital, Culture, Media and Sport",2
"166","non payroll","agency","hc",13,"data/gov_files/1033795/_August_2021_MWMI_template__accessible_.xlsx","Ministerial Department","August",2021,"Department for Culture, Media & Sport","Department for Digital, Culture, Media and Sport",2
"167","non payroll","agency","fte",13,"data/gov_files/1033795/_August_2021_MWMI_template__accessible_.xlsx","Ministerial Department","August",2021,"Department for Culture, Media & Sport","Department for Digital, Culture, Media and Sport",2
"168","non payroll","managers","hc",20,"data/gov_files/1033795/_August_2021_MWMI_template__accessible_.xlsx","Ministerial Department","August",2021,"Department for Culture, Media & Sport","Department for Digital, Culture, Media and Sport",2
"169","non payroll","managers","fte",19.08108108,"data/gov_files/1033795/_August_2021_MWMI_template__accessible_.xlsx","Ministerial Department","August",2021,"Department for Culture, Media & Sport","Department for Digital, Culture, Media and Sport",2
"170","non payroll","contractors","hc",31,"data/gov_files/1033795/_August_2021_MWMI_template__accessible_.xlsx","Ministerial Department","August",2021,"Department for Culture, Media & Sport","Department for Digital, Culture, Media and Sport",2
"171","non payroll","contractors","fte",27.89189189,"data/gov_files/1033795/_August_2021_MWMI_template__accessible_.xlsx","Ministerial Department","August",2021,"Department for Culture, Media & Sport","Department for Digital, Culture, Media and Sport",2
"172","non payroll","consultants","hc",13,"data/gov_files/1033795/_August_2021_MWMI_template__accessible_.xlsx","Ministerial Department","August",2021,"Department for Culture, Media & Sport","Department for Digital, Culture, Media and Sport",2
"173","non payroll","consultants","fte",13,"data/gov_files/1033795/_August_2021_MWMI_template__accessible_.xlsx","Ministerial Department","August",2021,"Department for Culture, Media & Sport","Department for Digital, Culture, Media and Sport",2
"174","non payroll","total","hc",77,"data/gov_files/1033795/_August_2021_MWMI_template__accessible_.xlsx","Ministerial Department","August",2021,"Department for Culture, Media & Sport","Department for Digital, Culture, Media and Sport",2
"175","non payroll","total","hc",0,"data/gov_files/1033795/_August_2021_MWMI_template__accessible_.xlsx","Non-Ministerial Department","August",2021,"National Archives","Department for Digital, Culture, Media and Sport",2
"176","non payroll","total","fte",72.97297297,"data/gov_files/1033795/_August_2021_MWMI_template__accessible_.xlsx","Ministerial Department","August",2021,"Department for Culture, Media & Sport","Department for Digital, Culture, Media and Sport",2
"177","non payroll","total","fte",0,"data/gov_files/1033795/_August_2021_MWMI_template__accessible_.xlsx","Non-Ministerial Department","August",2021,"National Archives","Department for Digital, Culture, Media and Sport",2
"178","all employees","total","hc",1969,"data/gov_files/1033795/_August_2021_MWMI_template__accessible_.xlsx","Ministerial Department","August",2021,"Department for Culture, Media & Sport","Department for Digital, Culture, Media and Sport",2
"179","all employees","total","hc",560,"data/gov_files/1033795/_August_2021_MWMI_template__accessible_.xlsx","Non-Ministerial Department","August",2021,"National Archives","Department for Digital, Culture, Media and Sport",2
"180","all employees","total","fte",1933,"data/gov_files/1033795/_August_2021_MWMI_template__accessible_.xlsx","Ministerial Department","August",2021,"Department for Culture, Media & Sport","Department for Digital, Culture, Media and Sport",2
"181","all employees","total","fte",535,"data/gov_files/1033795/_August_2021_MWMI_template__accessible_.xlsx","Non-Ministerial Department","August",2021,"National Archives","Department for Digital, Culture, Media and Sport",2
"182","payroll costs","salary","costs",6950682.54,"data/gov_files/1033795/_August_2021_MWMI_template__accessible_.xlsx","Ministerial Department","August",2021,"Department for Culture, Media & Sport","Department for Digital, Culture, Media and Sport",2
"183","payroll costs","salary","costs",1609498.3,"data/gov_files/1033795/_August_2021_MWMI_template__accessible_.xlsx","Non-Ministerial Department","August",2021,"National Archives","Department for Digital, Culture, Media and Sport",2
"184","payroll costs","allowances","costs",234207.04,"data/gov_files/1033795/_August_2021_MWMI_template__accessible_.xlsx","Ministerial Department","August",2021,"Department for Culture, Media & Sport","Department for Digital, Culture, Media and Sport",2
"185","payroll costs","allowances","costs",16133.84,"data/gov_files/1033795/_August_2021_MWMI_template__accessible_.xlsx","Non-Ministerial Department","August",2021,"National Archives","Department for Digital, Culture, Media and Sport",2
"186","payroll costs","ncprp","costs",292008,"data/gov_files/1033795/_August_2021_MWMI_template__accessible_.xlsx","Ministerial Department","August",2021,"Department for Culture, Media & Sport","Department for Digital, Culture, Media and Sport",2
"187","payroll costs","overtime","costs",29576.58,"data/gov_files/1033795/_August_2021_MWMI_template__accessible_.xlsx","Ministerial Department","August",2021,"Department for Culture, Media & Sport","Department for Digital, Culture, Media and Sport",2
"188","payroll costs","overtime","costs",5308.69,"data/gov_files/1033795/_August_2021_MWMI_template__accessible_.xlsx","Non-Ministerial Department","August",2021,"National Archives","Department for Digital, Culture, Media and Sport",2
"189","payroll costs","pension","costs",1961270.89,"data/gov_files/1033795/_August_2021_MWMI_template__accessible_.xlsx","Ministerial Department","August",2021,"Department for Culture, Media & Sport","Department for Digital, Culture, Media and Sport",2
"190","payroll costs","pension","costs",436117.66,"data/gov_files/1033795/_August_2021_MWMI_template__accessible_.xlsx","Non-Ministerial Department","August",2021,"National Archives","Department for Digital, Culture, Media and Sport",2
"191","payroll costs","ni","costs",836480.47,"data/gov_files/1033795/_August_2021_MWMI_template__accessible_.xlsx","Ministerial Department","August",2021,"Department for Culture, Media & Sport","Department for Digital, Culture, Media and Sport",2
"192","payroll costs","ni","costs",189440.37,"data/gov_files/1033795/_August_2021_MWMI_template__accessible_.xlsx","Non-Ministerial Department","August",2021,"National Archives","Department for Digital, Culture, Media and Sport",2
"193","payroll costs","total","costs",1.0304225527,"data/gov_files/1033795/_August_2021_MWMI_template__accessible_.xlsx","Ministerial Department","August",2021,"Department for Culture, Media & Sport","Department for Digital, Culture, Media and Sport",2
"194","payroll costs","total","costs",2200645.01,"data/gov_files/1033795/_August_2021_MWMI_template__accessible_.xlsx","Non-Ministerial Department","August",2021,"National Archives","Department for Digital, Culture, Media and Sport",2
"195","non payroll costs","contingent","costs",310075,"data/gov_files/1033795/_August_2021_MWMI_template__accessible_.xlsx","Ministerial Department","August",2021,"Department for Culture, Media & Sport","Department for Digital, Culture, Media and Sport",2
"196","non payroll costs","consultants","costs",2300866,"data/gov_files/1033795/_August_2021_MWMI_template__accessible_.xlsx","Ministerial Department","August",2021,"Department for Culture, Media & Sport","Department for Digital, Culture, Media and Sport",2
"197","non payroll costs","total","costs",2610941,"data/gov_files/1033795/_August_2021_MWMI_template__accessible_.xlsx","Ministerial Department","August",2021,"Department for Culture, Media & Sport","Department for Digital, Culture, Media and Sport",2
"198","non payroll costs","total","costs",0,"data/gov_files/1033795/_August_2021_MWMI_template__accessible_.xlsx","Non-Ministerial Department","August",2021,"National Archives","Department for Digital, Culture, Media and Sport",2
"199","all costs","total","costs",1.2915166527,"data/gov_files/1033795/_August_2021_MWMI_template__accessible_.xlsx","Ministerial Department","August",2021,"Department for Culture, Media & Sport","Department for Digital, Culture, Media and Sport",2
"200","all costs","total","costs",2200645.01,"data/gov_files/1033795/_August_2021_MWMI_template__accessible_.xlsx","Non-Ministerial Department","August",2021,"National Archives","Department for Digital, Culture, Media and Sport",2
"201","payroll","aao","hc",9,"data/gov_files/1033798/_September_2021_MWMI_template.xlsx","Ministerial Department","September",2021,"Department for Culture, Media & Sport","Department for Digital, Culture, Media and Sport",2
"202","payroll","aao","hc",99,"data/gov_files/1033798/_September_2021_MWMI_template.xlsx","Non-Ministerial Department","September",2021,"National Archives","Department for Digital, Culture, Media and Sport",2
"203","payroll","aao","fte",7.7,"data/gov_files/1033798/_September_2021_MWMI_template.xlsx","Ministerial Department","September",2021,"Department for Culture, Media & Sport","Department for Digital, Culture, Media and Sport",2
"204","payroll","aao","fte",87.93,"data/gov_files/1033798/_September_2021_MWMI_template.xlsx","Non-Ministerial Department","September",2021,"National Archives","Department for Digital, Culture, Media and Sport",2
"205","payroll","eo","hc",186,"data/gov_files/1033798/_September_2021_MWMI_template.xlsx","Ministerial Department","September",2021,"Department for Culture, Media & Sport","Department for Digital, Culture, Media and Sport",2
"206","payroll","eo","hc",74,"data/gov_files/1033798/_September_2021_MWMI_template.xlsx","Non-Ministerial Department","September",2021,"National Archives","Department for Digital, Culture, Media and Sport",2
"207","payroll","eo","fte",180.9,"data/gov_files/1033798/_September_2021_MWMI_template.xlsx","Ministerial Department","September",2021,"Department for Culture, Media & Sport","Department for Digital, Culture, Media and Sport",2
"208","payroll","eo","fte",70.29,"data/gov_files/1033798/_September_2021_MWMI_template.xlsx","Non-Ministerial Department","September",2021,"National Archives","Department for Digital, Culture, Media and Sport",2
"209","payroll","sheo","hc",735,"data/gov_files/1033798/_September_2021_MWMI_template.xlsx","Ministerial Department","September",2021,"Department for Culture, Media & Sport","Department for Digital, Culture, Media and Sport",2
"210","payroll","sheo","hc",292,"data/gov_files/1033798/_September_2021_MWMI_template.xlsx","Non-Ministerial Department","September",2021,"National Archives","Department for Digital, Culture, Media and Sport",2
"211","payroll","sheo","fte",727.6,"data/gov_files/1033798/_September_2021_MWMI_template.xlsx","Ministerial Department","September",2021,"Department for Culture, Media & Sport","Department for Digital, Culture, Media and Sport",2
"212","payroll","sheo","fte",283.77,"data/gov_files/1033798/_September_2021_MWMI_template.xlsx","Non-Ministerial Department","September",2021,"National Archives","Department for Digital, Culture, Media and Sport",2
"213","payroll","g67","hc",864,"data/gov_files/1033798/_September_2021_MWMI_template.xlsx","Ministerial Department","September",2021,"Department for Culture, Media & Sport","Department for Digital, Culture, Media and Sport",2
"214","payroll","g67","hc",94,"data/gov_files/1033798/_September_2021_MWMI_template.xlsx","Non-Ministerial Department","September",2021,"National Archives","Department for Digital, Culture, Media and Sport",2
"215","payroll","g67","fte",849.5,"data/gov_files/1033798/_September_2021_MWMI_template.xlsx","Ministerial Department","September",2021,"Department for Culture, Media & Sport","Department for Digital, Culture, Media and Sport",2
"216","payroll","g67","fte",91.86,"data/gov_files/1033798/_September_2021_MWMI_template.xlsx","Non-Ministerial Department","September",2021,"National Archives","Department for Digital, Culture, Media and Sport",2
"217","payroll","scs","hc",126,"data/gov_files/1033798/_September_2021_MWMI_template.xlsx","Ministerial Department","September",2021,"Department for Culture, Media & Sport","Department for Digital, Culture, Media and Sport",2
"218","payroll","scs","hc",8,"data/gov_files/1033798/_September_2021_MWMI_template.xlsx","Non-Ministerial Department","September",2021,"National Archives","Department for Digital, Culture, Media and Sport",2
"219","payroll","scs","fte",121.2,"data/gov_files/1033798/_September_2021_MWMI_template.xlsx","Ministerial Department","September",2021,"Department for Culture, Media & Sport","Department for Digital, Culture, Media and Sport",2
"220","payroll","scs","fte",8,"data/gov_files/1033798/_September_2021_MWMI_template.xlsx","Non-Ministerial Department","September",2021,"National Archives","Department for Digital, Culture, Media and Sport",2
"221","payroll","other","hc",0,"data/gov_files/1033798/_September_2021_MWMI_template.xlsx","Ministerial Department","September",2021,"Department for Culture, Media & Sport","Department for Digital, Culture, Media and Sport",2
"222","payroll","other","hc",0,"data/gov_files/1033798/_September_2021_MWMI_template.xlsx","Non-Ministerial Department","September",2021,"National Archives","Department for Digital, Culture, Media and Sport",2
"223","payroll","other","fte",0,"data/gov_files/1033798/_September_2021_MWMI_template.xlsx","Ministerial Department","September",2021,"Department for Culture, Media & Sport","Department for Digital, Culture, Media and Sport",2
"224","payroll","other","fte",0,"data/gov_files/1033798/_September_2021_MWMI_template.xlsx","Non-Ministerial Department","September",2021,"National Archives","Department for Digital, Culture, Media and Sport",2
"225","payroll","total","hc",1920,"data/gov_files/1033798/_September_2021_MWMI_template.xlsx","Ministerial Department","September",2021,"Department for Culture, Media & Sport","Department for Digital, Culture, Media and Sport",2
"226","payroll","total","hc",560,"data/gov_files/1033798/_September_2021_MWMI_template.xlsx","Non-Ministerial Department","September",2021,"National Archives","Department for Digital, Culture, Media and Sport",2
"227","payroll","total","fte",1887,"data/gov_files/1033798/_September_2021_MWMI_template.xlsx","Ministerial Department","September",2021,"Department for Culture, Media & Sport","Department for Digital, Culture, Media and Sport",2
"228","payroll","total","fte",535,"data/gov_files/1033798/_September_2021_MWMI_template.xlsx","Non-Ministerial Department","September",2021,"National Archives","Department for Digital, Culture, Media and Sport",2
"229","non payroll","agency","hc",12,"data/gov_files/1033798/_September_2021_MWMI_template.xlsx","Ministerial Department","September",2021,"Department for Culture, Media & Sport","Department for Digital, Culture, Media and Sport",2
"230","non payroll","agency","fte",11.4,"data/gov_files/1033798/_September_2021_MWMI_template.xlsx","Ministerial Department","September",2021,"Department for Culture, Media & Sport","Department for Digital, Culture, Media and Sport",2
"231","non payroll","managers","hc",25,"data/gov_files/1033798/_September_2021_MWMI_template.xlsx","Ministerial Department","September",2021,"Department for Culture, Media & Sport","Department for Digital, Culture, Media and Sport",2
"232","non payroll","managers","fte",24.08,"data/gov_files/1033798/_September_2021_MWMI_template.xlsx","Ministerial Department","September",2021,"Department for Culture, Media & Sport","Department for Digital, Culture, Media and Sport",2
"233","non payroll","contractors","hc",30,"data/gov_files/1033798/_September_2021_MWMI_template.xlsx","Ministerial Department","September",2021,"Department for Culture, Media & Sport","Department for Digital, Culture, Media and Sport",2
"234","non payroll","contractors","fte",24.09,"data/gov_files/1033798/_September_2021_MWMI_template.xlsx","Ministerial Department","September",2021,"Department for Culture, Media & Sport","Department for Digital, Culture, Media and Sport",2
"235","non payroll","consultants","hc",13,"data/gov_files/1033798/_September_2021_MWMI_template.xlsx","Ministerial Department","September",2021,"Department for Culture, Media & Sport","Department for Digital, Culture, Media and Sport",2
"236","non payroll","consultants","fte",13,"data/gov_files/1033798/_September_2021_MWMI_template.xlsx","Ministerial Department","September",2021,"Department for Culture, Media & Sport","Department for Digital, Culture, Media and Sport",2
"237","non payroll","total","hc",80,"data/gov_files/1033798/_September_2021_MWMI_template.xlsx","Ministerial Department","September",2021,"Department for Culture, Media & Sport","Department for Digital, Culture, Media and Sport",2
"238","non payroll","total","hc",0,"data/gov_files/1033798/_September_2021_MWMI_template.xlsx","Non-Ministerial Department","September",2021,"National Archives","Department for Digital, Culture, Media and Sport",2
"239","non payroll","total","fte",73,"data/gov_files/1033798/_September_2021_MWMI_template.xlsx","Ministerial Department","September",2021,"Department for Culture, Media & Sport","Department for Digital, Culture, Media and Sport",2
"240","non payroll","total","fte",0,"data/gov_files/1033798/_September_2021_MWMI_template.xlsx","Non-Ministerial Department","September",2021,"National Archives","Department for Digital, Culture, Media and Sport",2
"241","all employees","total","hc",2000,"data/gov_files/1033798/_September_2021_MWMI_template.xlsx","Ministerial Department","September",2021,"Department for Culture, Media & Sport","Department for Digital, Culture, Media and Sport",2
"242","all employees","total","hc",560,"data/gov_files/1033798/_September_2021_MWMI_template.xlsx","Non-Ministerial Department","September",2021,"National Archives","Department for Digital, Culture, Media and Sport",2
"243","all employees","total","fte",1959,"data/gov_files/1033798/_September_2021_MWMI_template.xlsx","Ministerial Department","September",2021,"Department for Culture, Media & Sport","Department for Digital, Culture, Media and Sport",2
"244","all employees","total","fte",535,"data/gov_files/1033798/_September_2021_MWMI_template.xlsx","Non-Ministerial Department","September",2021,"National Archives","Department for Digital, Culture, Media and Sport",2
"245","payroll costs","salary","costs",7022123.56,"data/gov_files/1033798/_September_2021_MWMI_template.xlsx","Ministerial Department","September",2021,"Department for Culture, Media & Sport","Department for Digital, Culture, Media and Sport",2
"246","payroll costs","salary","costs",1597633.28,"data/gov_files/1033798/_September_2021_MWMI_template.xlsx","Non-Ministerial Department","September",2021,"National Archives","Department for Digital, Culture, Media and Sport",2
"247","payroll costs","allowances","costs",239132.92,"data/gov_files/1033798/_September_2021_MWMI_template.xlsx","Ministerial Department","September",2021,"Department for Culture, Media & Sport","Department for Digital, Culture, Media and Sport",2
"248","payroll costs","allowances","costs",23855.3,"data/gov_files/1033798/_September_2021_MWMI_template.xlsx","Non-Ministerial Department","September",2021,"National Archives","Department for Digital, Culture, Media and Sport",2
"249","payroll costs","ncprp","costs",59150,"data/gov_files/1033798/_September_2021_MWMI_template.xlsx","Ministerial Department","September",2021,"Department for Culture, Media & Sport","Department for Digital, Culture, Media and Sport",2
"250","payroll costs","overtime","costs",13065.79,"data/gov_files/1033798/_September_2021_MWMI_template.xlsx","Ministerial Department","September",2021,"Department for Culture, Media & Sport","Department for Digital, Culture, Media and Sport",2
"251","payroll costs","overtime","costs",3115.41,"data/gov_files/1033798/_September_2021_MWMI_template.xlsx","Non-Ministerial Department","September",2021,"National Archives","Department for Digital, Culture, Media and Sport",2
"252","payroll costs","pension","costs",1955993.01,"data/gov_files/1033798/_September_2021_MWMI_template.xlsx","Ministerial Department","September",2021,"Department for Culture, Media & Sport","Department for Digital, Culture, Media and Sport",2
"253","payroll costs","pension","costs",429800.11,"data/gov_files/1033798/_September_2021_MWMI_template.xlsx","Non-Ministerial Department","September",2021,"National Archives","Department for Digital, Culture, Media and Sport",2
"254","payroll costs","ni","costs",810592.74,"data/gov_files/1033798/_September_2021_MWMI_template.xlsx","Ministerial Department","September",2021,"Department for Culture, Media & Sport","Department for Digital, Culture, Media and Sport",2
"255","payroll costs","ni","costs",165704.75,"data/gov_files/1033798/_September_2021_MWMI_template.xlsx","Non-Ministerial Department","September",2021,"National Archives","Department for Digital, Culture, Media and Sport",2
"256","payroll costs","total","costs",1.0100058027,"data/gov_files/1033798/_September_2021_MWMI_template.xlsx","Ministerial Department","September",2021,"Department for Culture, Media & Sport","Department for Digital, Culture, Media and Sport",2
"257","payroll costs","total","costs",2200645.01,"data/gov_files/1033798/_September_2021_MWMI_template.xlsx","Non-Ministerial Department","September",2021,"National Archives","Department for Digital, Culture, Media and Sport",2
"258","non payroll costs","contingent","costs",634546,"data/gov_files/1033798/_September_2021_MWMI_template.xlsx","Ministerial Department","September",2021,"Department for Culture, Media & Sport","Department for Digital, Culture, Media and Sport",2
"259","non payroll costs","consultants","costs",747687,"data/gov_files/1033798/_September_2021_MWMI_template.xlsx","Ministerial Department","September",2021,"Department for Culture, Media & Sport","Department for Digital, Culture, Media and Sport",2
"260","non payroll costs","total","costs",1382233,"data/gov_files/1033798/_September_2021_MWMI_template.xlsx","Ministerial Department","September",2021,"Department for Culture, Media & Sport","Department for Digital, Culture, Media and Sport",2
"261","non payroll costs","total","costs",0,"data/gov_files/1033798/_September_2021_MWMI_template.xlsx","Non-Ministerial Department","September",2021,"National Archives","Department for Digital, Culture, Media and Sport",2
"262","all costs","total","costs",1.1482291027,"data/gov_files/1033798/_September_2021_MWMI_template.xlsx","Ministerial Department","September",2021,"Department for Culture, Media & Sport","Department for Digital, Culture, Media and Sport",2
"263","all costs","total","costs",2200645.01,"data/gov_files/1033798/_September_2021_MWMI_template.xlsx","Non-Ministerial Department","September",2021,"National Archives","Department for Digital, Culture, Media and Sport",2
"264","payroll","aao","hc",9,"data/gov_files/1033800/_September_2021_MWMI_template__accessible__-_Copy.xlsx","Ministerial Department","September",2021,"Department for Culture, Media & Sport","Department for Digital, Culture, Media and Sport",2
"265","payroll","aao","hc",99,"data/gov_files/1033800/_September_2021_MWMI_template__accessible__-_Copy.xlsx","Non-Ministerial Department","September",2021,"National Archives","Department for Digital, Culture, Media and Sport",2
"266","payroll","aao","fte",7.7,"data/gov_files/1033800/_September_2021_MWMI_template__accessible__-_Copy.xlsx","Ministerial Department","September",2021,"Department for Culture, Media & Sport","Department for Digital, Culture, Media and Sport",2
"267","payroll","aao","fte",87.93,"data/gov_files/1033800/_September_2021_MWMI_template__accessible__-_Copy.xlsx","Non-Ministerial Department","September",2021,"National Archives","Department for Digital, Culture, Media and Sport",2
"268","payroll","eo","hc",186,"data/gov_files/1033800/_September_2021_MWMI_template__accessible__-_Copy.xlsx","Ministerial Department","September",2021,"Department for Culture, Media & Sport","Department for Digital, Culture, Media and Sport",2
"269","payroll","eo","hc",74,"data/gov_files/1033800/_September_2021_MWMI_template__accessible__-_Copy.xlsx","Non-Ministerial Department","September",2021,"National Archives","Department for Digital, Culture, Media and Sport",2
"270","payroll","eo","fte",180.9,"data/gov_files/1033800/_September_2021_MWMI_template__accessible__-_Copy.xlsx","Ministerial Department","September",2021,"Department for Culture, Media & Sport","Department for Digital, Culture, Media and Sport",2
"271","payroll","eo","fte",70.29,"data/gov_files/1033800/_September_2021_MWMI_template__accessible__-_Copy.xlsx","Non-Ministerial Department","September",2021,"National Archives","Department for Digital, Culture, Media and Sport",2
"272","payroll","sheo","hc",735,"data/gov_files/1033800/_September_2021_MWMI_template__accessible__-_Copy.xlsx","Ministerial Department","September",2021,"Department for Culture, Media & Sport","Department for Digital, Culture, Media and Sport",2
"273","payroll","sheo","hc",292,"data/gov_files/1033800/_September_2021_MWMI_template__accessible__-_Copy.xlsx","Non-Ministerial Department","September",2021,"National Archives","Department for Digital, Culture, Media and Sport",2
"274","payroll","sheo","fte",727.6,"data/gov_files/1033800/_September_2021_MWMI_template__accessible__-_Copy.xlsx","Ministerial Department","September",2021,"Department for Culture, Media & Sport","Department for Digital, Culture, Media and Sport",2
"275","payroll","sheo","fte",283.77,"data/gov_files/1033800/_September_2021_MWMI_template__accessible__-_Copy.xlsx","Non-Ministerial Department","September",2021,"National Archives","Department for Digital, Culture, Media and Sport",2
"276","payroll","g67","hc",864,"data/gov_files/1033800/_September_2021_MWMI_template__accessible__-_Copy.xlsx","Ministerial Department","September",2021,"Department for Culture, Media & Sport","Department for Digital, Culture, Media and Sport",2
"277","payroll","g67","hc",94,"data/gov_files/1033800/_September_2021_MWMI_template__accessible__-_Copy.xlsx","Non-Ministerial Department","September",2021,"National Archives","Department for Digital, Culture, Media and Sport",2
"278","payroll","g67","fte",849.5,"data/gov_files/1033800/_September_2021_MWMI_template__accessible__-_Copy.xlsx","Ministerial Department","September",2021,"Department for Culture, Media & Sport","Department for Digital, Culture, Media and Sport",2
"279","payroll","g67","fte",91.86,"data/gov_files/1033800/_September_2021_MWMI_template__accessible__-_Copy.xlsx","Non-Ministerial Department","September",2021,"National Archives","Department for Digital, Culture, Media and Sport",2
"280","payroll","scs","hc",126,"data/gov_files/1033800/_September_2021_MWMI_template__accessible__-_Copy.xlsx","Ministerial Department","September",2021,"Department for Culture, Media & Sport","Department for Digital, Culture, Media and Sport",2
"281","payroll","scs","hc",8,"data/gov_files/1033800/_September_2021_MWMI_template__accessible__-_Copy.xlsx","Non-Ministerial Department","September",2021,"National Archives","Department for Digital, Culture, Media and Sport",2
"282","payroll","scs","fte",121.2,"data/gov_files/1033800/_September_2021_MWMI_template__accessible__-_Copy.xlsx","Ministerial Department","September",2021,"Department for Culture, Media & Sport","Department for Digital, Culture, Media and Sport",2
"283","payroll","scs","fte",8,"data/gov_files/1033800/_September_2021_MWMI_template__accessible__-_Copy.xlsx","Non-Ministerial Department","September",2021,"National Archives","Department for Digital, Culture, Media and Sport",2
"284","payroll","other","hc",0,"data/gov_files/1033800/_September_2021_MWMI_template__accessible__-_Copy.xlsx","Ministerial Department","September",2021,"Department for Culture, Media & Sport","Department for Digital, Culture, Media and Sport",2
"285","payroll","other","hc",0,"data/gov_files/1033800/_September_2021_MWMI_template__accessible__-_Copy.xlsx","Non-Ministerial Department","September",2021,"National Archives","Department for Digital, Culture, Media and Sport",2
"286","payroll","other","fte",0,"data/gov_files/1033800/_September_2021_MWMI_template__accessible__-_Copy.xlsx","Ministerial Department","September",2021,"Department for Culture, Media & Sport","Department for Digital, Culture, Media and Sport",2
"287","payroll","other","fte",0,"data/gov_files/1033800/_September_2021_MWMI_template__accessible__-_Copy.xlsx","Non-Ministerial Department","September",2021,"National Archives","Department for Digital, Culture, Media and Sport",2
"288","payroll","total","hc",1920,"data/gov_files/1033800/_September_2021_MWMI_template__accessible__-_Copy.xlsx","Ministerial Department","September",2021,"Department for Culture, Media & Sport","Department for Digital, Culture, Media and Sport",2
"289","payroll","total","hc",560,"data/gov_files/1033800/_September_2021_MWMI_template__accessible__-_Copy.xlsx","Non-Ministerial Department","September",2021,"National Archives","Department for Digital, Culture, Media and Sport",2
"290","payroll","total","fte",1886.9,"data/gov_files/1033800/_September_2021_MWMI_template__accessible__-_Copy.xlsx","Ministerial Department","September",2021,"Department for Culture, Media & Sport","Department for Digital, Culture, Media and Sport",2
"291","payroll","total","fte",535,"data/gov_files/1033800/_September_2021_MWMI_template__accessible__-_Copy.xlsx","Non-Ministerial Department","September",2021,"National Archives","Department for Digital, Culture, Media and Sport",2
"292","non payroll","agency","hc",12,"data/gov_files/1033800/_September_2021_MWMI_template__accessible__-_Copy.xlsx","Ministerial Department","September",2021,"Department for Culture, Media & Sport","Department for Digital, Culture, Media and Sport",2
"293","non payroll","agency","fte",11.4,"data/gov_files/1033800/_September_2021_MWMI_template__accessible__-_Copy.xlsx","Ministerial Department","September",2021,"Department for Culture, Media & Sport","Department for Digital, Culture, Media and Sport",2
"294","non payroll","managers","hc",25,"data/gov_files/1033800/_September_2021_MWMI_template__accessible__-_Copy.xlsx","Ministerial Department","September",2021,"Department for Culture, Media & Sport","Department for Digital, Culture, Media and Sport",2
"295","non payroll","managers","fte",24.08108108,"data/gov_files/1033800/_September_2021_MWMI_template__accessible__-_Copy.xlsx","Ministerial Department","September",2021,"Department for Culture, Media & Sport","Department for Digital, Culture, Media and Sport",2
"296","non payroll","contractors","hc",30,"data/gov_files/1033800/_September_2021_MWMI_template__accessible__-_Copy.xlsx","Ministerial Department","September",2021,"Department for Culture, Media & Sport","Department for Digital, Culture, Media and Sport",2
"297","non payroll","contractors","fte",24.09189189,"data/gov_files/1033800/_September_2021_MWMI_template__accessible__-_Copy.xlsx","Ministerial Department","September",2021,"Department for Culture, Media & Sport","Department for Digital, Culture, Media and Sport",2
"298","non payroll","consultants","hc",13,"data/gov_files/1033800/_September_2021_MWMI_template__accessible__-_Copy.xlsx","Ministerial Department","September",2021,"Department for Culture, Media & Sport","Department for Digital, Culture, Media and Sport",2
"299","non payroll","consultants","fte",13,"data/gov_files/1033800/_September_2021_MWMI_template__accessible__-_Copy.xlsx","Ministerial Department","September",2021,"Department for Culture, Media & Sport","Department for Digital, Culture, Media and Sport",2
"300","non payroll","total","hc",80,"data/gov_files/1033800/_September_2021_MWMI_template__accessible__-_Copy.xlsx","Ministerial Department","September",2021,"Department for Culture, Media & Sport","Department for Digital, Culture, Media and Sport",2
"301","non payroll","total","hc",0,"data/gov_files/1033800/_September_2021_MWMI_template__accessible__-_Copy.xlsx","Non-Ministerial Department","September",2021,"National Archives","Department for Digital, Culture, Media and Sport",2
"302","non payroll","total","fte",72.57297297,"data/gov_files/1033800/_September_2021_MWMI_template__accessible__-_Copy.xlsx","Ministerial Department","September",2021,"Department for Culture, Media & Sport","Department for Digital, Culture, Media and Sport",2
"303","non payroll","total","fte",0,"data/gov_files/1033800/_September_2021_MWMI_template__accessible__-_Copy.xlsx","Non-Ministerial Department","September",2021,"National Archives","Department for Digital, Culture, Media and Sport",2
"304","all employees","total","hc",2000,"data/gov_files/1033800/_September_2021_MWMI_template__accessible__-_Copy.xlsx","Ministerial Department","September",2021,"Department for Culture, Media & Sport","Department for Digital, Culture, Media and Sport",2
"305","all employees","total","hc",560,"data/gov_files/1033800/_September_2021_MWMI_template__accessible__-_Copy.xlsx","Non-Ministerial Department","September",2021,"National Archives","Department for Digital, Culture, Media and Sport",2
"306","all employees","total","fte",1959,"data/gov_files/1033800/_September_2021_MWMI_template__accessible__-_Copy.xlsx","Ministerial Department","September",2021,"Department for Culture, Media & Sport","Department for Digital, Culture, Media and Sport",2
"307","all employees","total","fte",535,"data/gov_files/1033800/_September_2021_MWMI_template__accessible__-_Copy.xlsx","Non-Ministerial Department","September",2021,"National Archives","Department for Digital, Culture, Media and Sport",2
"308","payroll costs","salary","costs",7022123.56,"data/gov_files/1033800/_September_2021_MWMI_template__accessible__-_Copy.xlsx","Ministerial Department","September",2021,"Department for Culture, Media & Sport","Department for Digital, Culture, Media and Sport",2
"309","payroll costs","salary","costs",1597633.28,"data/gov_files/1033800/_September_2021_MWMI_template__accessible__-_Copy.xlsx","Non-Ministerial Department","September",2021,"National Archives","Department for Digital, Culture, Media and Sport",2
"310","payroll costs","allowances","costs",239132.92,"data/gov_files/1033800/_September_2021_MWMI_template__accessible__-_Copy.xlsx","Ministerial Department","September",2021,"Department for Culture, Media & Sport","Department for Digital, Culture, Media and Sport",2
"311","payroll costs","allowances","costs",23855.3,"data/gov_files/1033800/_September_2021_MWMI_template__accessible__-_Copy.xlsx","Non-Ministerial Department","September",2021,"National Archives","Department for Digital, Culture, Media and Sport",2
"312","payroll costs","ncprp","costs",59150,"data/gov_files/1033800/_September_2021_MWMI_template__accessible__-_Copy.xlsx","Ministerial Department","September",2021,"Department for Culture, Media & Sport","Department for Digital, Culture, Media and Sport",2
"313","payroll costs","overtime","costs",13065.79,"data/gov_files/1033800/_September_2021_MWMI_template__accessible__-_Copy.xlsx","Ministerial Department","September",2021,"Department for Culture, Media & Sport","Department for Digital, Culture, Media and Sport",2
"314","payroll costs","overtime","costs",3115.41,"data/gov_files/1033800/_September_2021_MWMI_template__accessible__-_Copy.xlsx","Non-Ministerial Department","September",2021,"National Archives","Department for Digital, Culture, Media and Sport",2
"315","payroll costs","pension","costs",1955993.01,"data/gov_files/1033800/_September_2021_MWMI_template__accessible__-_Copy.xlsx","Ministerial Department","September",2021,"Department for Culture, Media & Sport","Department for Digital, Culture, Media and Sport",2
"316","payroll costs","pension","costs",429800.11,"data/gov_files/1033800/_September_2021_MWMI_template__accessible__-_Copy.xlsx","Non-Ministerial Department","September",2021,"National Archives","Department for Digital, Culture, Media and Sport",2
"317","payroll costs","ni","costs",810592.74,"data/gov_files/1033800/_September_2021_MWMI_template__accessible__-_Copy.xlsx","Ministerial Department","September",2021,"Department for Culture, Media & Sport","Department for Digital, Culture, Media and Sport",2
"318","payroll costs","ni","costs",165704.75,"data/gov_files/1033800/_September_2021_MWMI_template__accessible__-_Copy.xlsx","Non-Ministerial Department","September",2021,"National Archives","Department for Digital, Culture, Media and Sport",2
"319","payroll costs","total","costs",1.0100058027,"data/gov_files/1033800/_September_2021_MWMI_template__accessible__-_Copy.xlsx","Ministerial Department","September",2021,"Department for Culture, Media & Sport","Department for Digital, Culture, Media and Sport",2
"320","payroll costs","total","costs",2200645.01,"data/gov_files/1033800/_September_2021_MWMI_template__accessible__-_Copy.xlsx","Non-Ministerial Department","September",2021,"National Archives","Department for Digital, Culture, Media and Sport",2
"321","non payroll costs","contingent","costs",634546,"data/gov_files/1033800/_September_2021_MWMI_template__accessible__-_Copy.xlsx","Ministerial Department","September",2021,"Department for Culture, Media & Sport","Department for Digital, Culture, Media and Sport",2
"322","non payroll costs","consultants","costs",747687,"data/gov_files/1033800/_September_2021_MWMI_template__accessible__-_Copy.xlsx","Ministerial Department","September",2021,"Department for Culture, Media & Sport","Department for Digital, Culture, Media and Sport",2
"323","non payroll costs","total","costs",1382233,"data/gov_files/1033800/_September_2021_MWMI_template__accessible__-_Copy.xlsx","Ministerial Department","September",2021,"Department for Culture, Media & Sport","Department for Digital, Culture, Media and Sport",2
"324","non payroll costs","total","costs",0,"data/gov_files/1033800/_September_2021_MWMI_template__accessible__-_Copy.xlsx","Non-Ministerial Department","September",2021,"National Archives","Department for Digital, Culture, Media and Sport",2
"325","all costs","total","costs",1.1482291027,"data/gov_files/1033800/_September_2021_MWMI_template__accessible__-_Copy.xlsx","Ministerial Department","September",2021,"Department for Culture, Media & Sport","Department for Digital, Culture, Media and Sport",2
"326","all costs","total","costs",2200645.01,"data/gov_files/1033800/_September_2021_MWMI_template__accessible__-_Copy.xlsx","Non-Ministerial Department","September",2021,"National Archives","Department for Digital, Culture, Media and Sport",2
"327","payroll","aao","hc",17,"data/gov_files/1048905/Charity_Commission_monthly_workforce_management_information_December_2021.csv","Non-Ministerial Department","January",2022,"Charity Commission","Charity Commission",2
"328","payroll","aao","fte",15.34,"data/gov_files/1048905/Charity_Commission_monthly_workforce_management_information_December_2021.csv","Non-Ministerial Department","January",2022,"Charity Commission","Charity Commission",2
"329","payroll","eo","hc",108,"data/gov_files/1048905/Charity_Commission_monthly_workforce_management_information_December_2021.csv","Non-Ministerial Department","January",2022,"Charity Commission","Charity Commission",2
"330","payroll","eo","fte",101.01,"data/gov_files/1048905/Charity_Commission_monthly_workforce_management_information_December_2021.csv","Non-Ministerial Department","January",2022,"Charity Commission","Charity Commission",2
"331","payroll","sheo","hc",259,"data/gov_files/1048905/Charity_Commission_monthly_workforce_management_information_December_2021.csv","Non-Ministerial Department","January",2022,"Charity Commission","Charity Commission",2
"332","payroll","sheo","fte",247.07,"data/gov_files/1048905/Charity_Commission_monthly_workforce_management_information_December_2021.csv","Non-Ministerial Department","January",2022,"Charity Commission","Charity Commission",2
"333","payroll","g67","hc",69,"data/gov_files/1048905/Charity_Commission_monthly_workforce_management_information_December_2021.csv","Non-Ministerial Department","January",2022,"Charity Commission","Charity Commission",2
"334","payroll","g67","fte",65.07,"data/gov_files/1048905/Charity_Commission_monthly_workforce_management_information_December_2021.csv","Non-Ministerial Department","January",2022,"Charity Commission","Charity Commission",2
"335","payroll","scs","hc",6,"data/gov_files/1048905/Charity_Commission_monthly_workforce_management_information_December_2021.csv","Non-Ministerial Department","January",2022,"Charity Commission","Charity Commission",2
"336","payroll","scs","fte",6,"data/gov_files/1048905/Charity_Commission_monthly_workforce_management_information_December_2021.csv","Non-Ministerial Department","January",2022,"Charity Commission","Charity Commission",2
"337","payroll","other","hc",NA,"data/gov_files/1048905/Charity_Commission_monthly_workforce_management_information_December_2021.csv","Non-Ministerial Department","January",2022,"Charity Commission","Charity Commission",2
"338","payroll","other","fte",NA,"data/gov_files/1048905/Charity_Commission_monthly_workforce_management_information_December_2021.csv","Non-Ministerial Department","January",2022,"Charity Commission","Charity Commission",2
"339","payroll","total","hc",459,"data/gov_files/1048905/Charity_Commission_monthly_workforce_management_information_December_2021.csv","Non-Ministerial Department","January",2022,"Charity Commission","Charity Commission",2
"340","payroll","total","fte",434,"data/gov_files/1048905/Charity_Commission_monthly_workforce_management_information_December_2021.csv","Non-Ministerial Department","January",2022,"Charity Commission","Charity Commission",2
"341","non payroll","agency","hc",15,"data/gov_files/1048905/Charity_Commission_monthly_workforce_management_information_December_2021.csv","Non-Ministerial Department","January",2022,"Charity Commission","Charity Commission",2
"342","non payroll","agency","fte",10.48,"data/gov_files/1048905/Charity_Commission_monthly_workforce_management_information_December_2021.csv","Non-Ministerial Department","January",2022,"Charity Commission","Charity Commission",2
"343","non payroll","managers","hc",NA,"data/gov_files/1048905/Charity_Commission_monthly_workforce_management_information_December_2021.csv","Non-Ministerial Department","January",2022,"Charity Commission","Charity Commission",2
"344","non payroll","managers","fte",NA,"data/gov_files/1048905/Charity_Commission_monthly_workforce_management_information_December_2021.csv","Non-Ministerial Department","January",2022,"Charity Commission","Charity Commission",2
"345","non payroll","contractors","hc",NA,"data/gov_files/1048905/Charity_Commission_monthly_workforce_management_information_December_2021.csv","Non-Ministerial Department","January",2022,"Charity Commission","Charity Commission",2
"346","non payroll","contractors","fte",NA,"data/gov_files/1048905/Charity_Commission_monthly_workforce_management_information_December_2021.csv","Non-Ministerial Department","January",2022,"Charity Commission","Charity Commission",2
"347","non payroll","consultants","hc",NA,"data/gov_files/1048905/Charity_Commission_monthly_workforce_management_information_December_2021.csv","Non-Ministerial Department","January",2022,"Charity Commission","Charity Commission",2
"348","non payroll","consultants","fte",NA,"data/gov_files/1048905/Charity_Commission_monthly_workforce_management_information_December_2021.csv","Non-Ministerial Department","January",2022,"Charity Commission","Charity Commission",2
"349","non payroll","total","hc",15,"data/gov_files/1048905/Charity_Commission_monthly_workforce_management_information_December_2021.csv","Non-Ministerial Department","January",2022,"Charity Commission","Charity Commission",2
"350","non payroll","total","fte",10,"data/gov_files/1048905/Charity_Commission_monthly_workforce_management_information_December_2021.csv","Non-Ministerial Department","January",2022,"Charity Commission","Charity Commission",2
"351","all employees","total","hc",474,"data/gov_files/1048905/Charity_Commission_monthly_workforce_management_information_December_2021.csv","Non-Ministerial Department","January",2022,"Charity Commission","Charity Commission",2
"352","all employees","total","fte",445,"data/gov_files/1048905/Charity_Commission_monthly_workforce_management_information_December_2021.csv","Non-Ministerial Department","January",2022,"Charity Commission","Charity Commission",2
"353","payroll costs","salary","costs",1277040.12,"data/gov_files/1048905/Charity_Commission_monthly_workforce_management_information_December_2021.csv","Non-Ministerial Department","January",2022,"Charity Commission","Charity Commission",2
"354","payroll costs","allowances","costs",35908.99,"data/gov_files/1048905/Charity_Commission_monthly_workforce_management_information_December_2021.csv","Non-Ministerial Department","January",2022,"Charity Commission","Charity Commission",2
"355","payroll costs","ncprp","costs",8895.5,"data/gov_files/1048905/Charity_Commission_monthly_workforce_management_information_December_2021.csv","Non-Ministerial Department","January",2022,"Charity Commission","Charity Commission",2
"356","payroll costs","overtime","costs",7419.2,"data/gov_files/1048905/Charity_Commission_monthly_workforce_management_information_December_2021.csv","Non-Ministerial Department","January",2022,"Charity Commission","Charity Commission",2
"357","payroll costs","pension","costs",354739.46,"data/gov_files/1048905/Charity_Commission_monthly_workforce_management_information_December_2021.csv","Non-Ministerial Department","January",2022,"Charity Commission","Charity Commission",2
"358","payroll costs","ni","costs",137234.18,"data/gov_files/1048905/Charity_Commission_monthly_workforce_management_information_December_2021.csv","Non-Ministerial Department","January",2022,"Charity Commission","Charity Commission",2
"359","payroll costs","total","costs",1821237.45,"data/gov_files/1048905/Charity_Commission_monthly_workforce_management_information_December_2021.csv","Non-Ministerial Department","January",2022,"Charity Commission","Charity Commission",2
"360","non payroll costs","contingent","costs",48773.42,"data/gov_files/1048905/Charity_Commission_monthly_workforce_management_information_December_2021.csv","Non-Ministerial Department","January",2022,"Charity Commission","Charity Commission",2
"361","non payroll costs","consultants","costs",NA,"data/gov_files/1048905/Charity_Commission_monthly_workforce_management_information_December_2021.csv","Non-Ministerial Department","January",2022,"Charity Commission","Charity Commission",2
"362","non payroll costs","total","costs",48773.42,"data/gov_files/1048905/Charity_Commission_monthly_workforce_management_information_December_2021.csv","Non-Ministerial Department","January",2022,"Charity Commission","Charity Commission",2
"363","all costs","total","costs",1870010.87,"data/gov_files/1048905/Charity_Commission_monthly_workforce_management_information_December_2021.csv","Non-Ministerial Department","January",2022,"Charity Commission","Charity Commission",2
"364","payroll","aao","hc",32,"data/gov_files/1057394/Charity_Commission_monthly_workforce_management_information_January_2022.csv","Non-Ministerial Department","January",2022,"Charity Commission","Charity Commission",2
"365","payroll","aao","fte",22.83,"data/gov_files/1057394/Charity_Commission_monthly_workforce_management_information_January_2022.csv","Non-Ministerial Department","January",2022,"Charity Commission","Charity Commission",2
"366","payroll","eo","hc",111,"data/gov_files/1057394/Charity_Commission_monthly_workforce_management_information_January_2022.csv","Non-Ministerial Department","January",2022,"Charity Commission","Charity Commission",2
"367","payroll","eo","fte",97.76,"data/gov_files/1057394/Charity_Commission_monthly_workforce_management_information_January_2022.csv","Non-Ministerial Department","January",2022,"Charity Commission","Charity Commission",2
"368","payroll","sheo","hc",268,"data/gov_files/1057394/Charity_Commission_monthly_workforce_management_information_January_2022.csv","Non-Ministerial Department","January",2022,"Charity Commission","Charity Commission",2
"369","payroll","sheo","fte",250.54,"data/gov_files/1057394/Charity_Commission_monthly_workforce_management_information_January_2022.csv","Non-Ministerial Department","January",2022,"Charity Commission","Charity Commission",2
"370","payroll","g67","hc",68,"data/gov_files/1057394/Charity_Commission_monthly_workforce_management_information_January_2022.csv","Non-Ministerial Department","January",2022,"Charity Commission","Charity Commission",2
"371","payroll","g67","fte",64.88,"data/gov_files/1057394/Charity_Commission_monthly_workforce_management_information_January_2022.csv","Non-Ministerial Department","January",2022,"Charity Commission","Charity Commission",2
"372","payroll","scs","hc",6,"data/gov_files/1057394/Charity_Commission_monthly_workforce_management_information_January_2022.csv","Non-Ministerial Department","January",2022,"Charity Commission","Charity Commission",2
"373","payroll","scs","fte",6,"data/gov_files/1057394/Charity_Commission_monthly_workforce_management_information_January_2022.csv","Non-Ministerial Department","January",2022,"Charity Commission","Charity Commission",2
"374","payroll","other","hc",NA,"data/gov_files/1057394/Charity_Commission_monthly_workforce_management_information_January_2022.csv","Non-Ministerial Department","January",2022,"Charity Commission","Charity Commission",2
"375","payroll","other","fte",NA,"data/gov_files/1057394/Charity_Commission_monthly_workforce_management_information_January_2022.csv","Non-Ministerial Department","January",2022,"Charity Commission","Charity Commission",2
"376","payroll","total","hc",485,"data/gov_files/1057394/Charity_Commission_monthly_workforce_management_information_January_2022.csv","Non-Ministerial Department","January",2022,"Charity Commission","Charity Commission",2
"377","payroll","total","fte",442,"data/gov_files/1057394/Charity_Commission_monthly_workforce_management_information_January_2022.csv","Non-Ministerial Department","January",2022,"Charity Commission","Charity Commission",2
"378","non payroll","agency","hc",12,"data/gov_files/1057394/Charity_Commission_monthly_workforce_management_information_January_2022.csv","Non-Ministerial Department","January",2022,"Charity Commission","Charity Commission",2
"379","non payroll","agency","fte",4.91,"data/gov_files/1057394/Charity_Commission_monthly_workforce_management_information_January_2022.csv","Non-Ministerial Department","January",2022,"Charity Commission","Charity Commission",2
"380","non payroll","managers","hc",NA,"data/gov_files/1057394/Charity_Commission_monthly_workforce_management_information_January_2022.csv","Non-Ministerial Department","January",2022,"Charity Commission","Charity Commission",2
"381","non payroll","managers","fte",NA,"data/gov_files/1057394/Charity_Commission_monthly_workforce_management_information_January_2022.csv","Non-Ministerial Department","January",2022,"Charity Commission","Charity Commission",2
"382","non payroll","contractors","hc",NA,"data/gov_files/1057394/Charity_Commission_monthly_workforce_management_information_January_2022.csv","Non-Ministerial Department","January",2022,"Charity Commission","Charity Commission",2
"383","non payroll","contractors","fte",NA,"data/gov_files/1057394/Charity_Commission_monthly_workforce_management_information_January_2022.csv","Non-Ministerial Department","January",2022,"Charity Commission","Charity Commission",2
"384","non payroll","consultants","hc",NA,"data/gov_files/1057394/Charity_Commission_monthly_workforce_management_information_January_2022.csv","Non-Ministerial Department","January",2022,"Charity Commission","Charity Commission",2
"385","non payroll","consultants","fte",NA,"data/gov_files/1057394/Charity_Commission_monthly_workforce_management_information_January_2022.csv","Non-Ministerial Department","January",2022,"Charity Commission","Charity Commission",2
"386","non payroll","total","hc",12,"data/gov_files/1057394/Charity_Commission_monthly_workforce_management_information_January_2022.csv","Non-Ministerial Department","January",2022,"Charity Commission","Charity Commission",2
"387","non payroll","total","fte",5,"data/gov_files/1057394/Charity_Commission_monthly_workforce_management_information_January_2022.csv","Non-Ministerial Department","January",2022,"Charity Commission","Charity Commission",2
"388","all employees","total","hc",497,"data/gov_files/1057394/Charity_Commission_monthly_workforce_management_information_January_2022.csv","Non-Ministerial Department","January",2022,"Charity Commission","Charity Commission",2
"389","all employees","total","fte",447,"data/gov_files/1057394/Charity_Commission_monthly_workforce_management_information_January_2022.csv","Non-Ministerial Department","January",2022,"Charity Commission","Charity Commission",2
"390","payroll costs","salary","costs",1320960.92,"data/gov_files/1057394/Charity_Commission_monthly_workforce_management_information_January_2022.csv","Non-Ministerial Department","January",2022,"Charity Commission","Charity Commission",2
"391","payroll costs","allowances","costs",37745.45,"data/gov_files/1057394/Charity_Commission_monthly_workforce_management_information_January_2022.csv","Non-Ministerial Department","January",2022,"Charity Commission","Charity Commission",2
"392","payroll costs","ncprp","costs",8035,"data/gov_files/1057394/Charity_Commission_monthly_workforce_management_information_January_2022.csv","Non-Ministerial Department","January",2022,"Charity Commission","Charity Commission",2
"393","payroll costs","overtime","costs",5642.49,"data/gov_files/1057394/Charity_Commission_monthly_workforce_management_information_January_2022.csv","Non-Ministerial Department","January",2022,"Charity Commission","Charity Commission",2
"394","payroll costs","pension","costs",356618.43,"data/gov_files/1057394/Charity_Commission_monthly_workforce_management_information_January_2022.csv","Non-Ministerial Department","January",2022,"Charity Commission","Charity Commission",2
"395","payroll costs","ni","costs",137933.46,"data/gov_files/1057394/Charity_Commission_monthly_workforce_management_information_January_2022.csv","Non-Ministerial Department","January",2022,"Charity Commission","Charity Commission",2
"396","payroll costs","total","costs",1866935.75,"data/gov_files/1057394/Charity_Commission_monthly_workforce_management_information_January_2022.csv","Non-Ministerial Department","January",2022,"Charity Commission","Charity Commission",2
"397","non payroll costs","contingent","costs",45154.08,"data/gov_files/1057394/Charity_Commission_monthly_workforce_management_information_January_2022.csv","Non-Ministerial Department","January",2022,"Charity Commission","Charity Commission",2
"398","non payroll costs","consultants","costs",NA,"data/gov_files/1057394/Charity_Commission_monthly_workforce_management_information_January_2022.csv","Non-Ministerial Department","January",2022,"Charity Commission","Charity Commission",2
"399","non payroll costs","total","costs",45154.08,"data/gov_files/1057394/Charity_Commission_monthly_workforce_management_information_January_2022.csv","Non-Ministerial Department","January",2022,"Charity Commission","Charity Commission",2
"400","all costs","total","costs",1912089.83,"data/gov_files/1057394/Charity_Commission_monthly_workforce_management_information_January_2022.csv","Non-Ministerial Department","January",2022,"Charity Commission","Charity Commission",2
